{"epoch": 1, "val_accuracy": 0.928343949044586, "train_accuracy": 0.8854944029850746, "f1_macro": 0.9272522467583324, "pre_macro": 0.9288575146308997, "re_macro": 0.9270162056942711, "best_epoch": 1, "val_loss": 0.2389183513950675, "train_loss": 0.40206813294766175, "learning_rate": 0.0008, "grad_mean": 0.004073825199157, "grad_L2_norm": 0.9983406591401545}
{"epoch": 2, "val_accuracy": 0.9526273885350318, "train_accuracy": 0.9440964818763327, "f1_macro": 0.9519043469121156, "pre_macro": 0.9522250973857261, "re_macro": 0.9519192389576334, "best_epoch": 2, "val_loss": 0.16329391716659117, "train_loss": 0.19537664663745588, "learning_rate": 0.00064, "grad_mean": 0.0017129851039499044, "grad_L2_norm": 0.4658587964312703}
{"epoch": 3, "val_accuracy": 0.9608877388535032, "train_accuracy": 0.9611873667377399, "f1_macro": 0.960259123958247, "pre_macro": 0.9603640750911454, "re_macro": 0.9603304015671235, "best_epoch": 3, "val_loss": 0.13310353915358353, "train_loss": 0.13629492371827603, "learning_rate": 0.0005120000000000001, "grad_mean": 0.0013581165112555027, "grad_L2_norm": 0.43728600451728095}
{"epoch": 4, "val_accuracy": 0.964968152866242, "train_accuracy": 0.9707822494669509, "f1_macro": 0.9644675073690994, "pre_macro": 0.9646566509789318, "re_macro": 0.9644115985713091, "best_epoch": 4, "val_loss": 0.11841502354501088, "train_loss": 0.10409746128670586, "learning_rate": 0.0004096000000000001, "grad_mean": 0.0012362492270767689, "grad_L2_norm": 0.4368341483889119}
{"epoch": 5, "val_accuracy": 0.96765525477707, "train_accuracy": 0.9771122068230277, "f1_macro": 0.9672293439709143, "pre_macro": 0.9675474313794507, "re_macro": 0.9670734439766097, "best_epoch": 5, "val_loss": 0.11087836149136779, "train_loss": 0.08357589199507573, "learning_rate": 0.0003276800000000001, "grad_mean": 0.0010033248690888286, "grad_L2_norm": 0.35715457417390095}
{"epoch": 6, "val_accuracy": 0.9690485668789809, "train_accuracy": 0.9818263592750534, "f1_macro": 0.9686293927877496, "pre_macro": 0.9689238645549259, "re_macro": 0.9684991570253917, "best_epoch": 6, "val_loss": 0.10558715846261994, "train_loss": 0.06926166033297818, "learning_rate": 0.0002621440000000001, "grad_mean": 0.0008968459442257881, "grad_L2_norm": 0.3237133744864971}
{"epoch": 7, "val_accuracy": 0.9695461783439491, "train_accuracy": 0.9850246535181236, "f1_macro": 0.9690979060298155, "pre_macro": 0.9692948694977389, "re_macro": 0.969042108418669, "best_epoch": 7, "val_loss": 0.1013052106877955, "train_loss": 0.05879464804473867, "learning_rate": 0.00020971520000000012, "grad_mean": 0.0008336593746207654, "grad_L2_norm": 0.3088598649729173}
{"epoch": 8, "val_accuracy": 0.9699442675159236, "train_accuracy": 0.9872234808102346, "f1_macro": 0.9695062294511935, "pre_macro": 0.9696571842689229, "re_macro": 0.9694601925817654, "best_epoch": 8, "val_loss": 0.09775453190701854, "train_loss": 0.05101776087824414, "learning_rate": 0.0001677721600000001, "grad_mean": 0.000765421602409333, "grad_L2_norm": 0.286636791500703}
{"epoch": 9, "val_accuracy": 0.9709394904458599, "train_accuracy": 0.9891391257995735, "f1_macro": 0.9705222841353074, "pre_macro": 0.9706330900528284, "re_macro": 0.9704905561506513, "best_epoch": 9, "val_loss": 0.09496107144699474, "train_loss": 0.04513610834861472, "learning_rate": 0.00013421772800000008, "grad_mean": 0.0007199201500043273, "grad_L2_norm": 0.27162733682157203}
{"epoch": 10, "val_accuracy": 0.9719347133757962, "train_accuracy": 0.9905883528784648, "f1_macro": 0.9715346777749296, "pre_macro": 0.9716306622503421, "re_macro": 0.9715052599123124, "best_epoch": 10, "val_loss": 0.09270407277408536, "train_loss": 0.04066933559076086, "learning_rate": 0.00010737418240000007, "grad_mean": 0.0006779058603569865, "grad_L2_norm": 0.260042520446044}
{"training time": 70.47868514060974, "flops": "848 Mac"}
